{"cameraMode":{"drawMode":0,"name":"Shaded","section":"Shading Mode"},"sceneLighting":true,"audioPlay":false,"sceneViewState":{"m_AlwaysRefresh":false,"showFog":true,"showSkybox":true,"showFlares":true,"showImageEffects":true,"showParticleSystems":true,"showVisualEffectGraphs":true,"m_FxEnabled":true},"in2DMode":false,"pivot":{"x":2.1535773277282717,"y":8.923646926879883,"z":-3.3252546787261965},"rotation":{"x":0.7165722250938416,"y":-0.06488840281963349,"z":0.06726790219545365,"w":0.6912303566932678},"size":20.004344940185548,"orthographic":false}