{"cameraMode":{"drawMode":0,"name":"Shaded","section":"Shading Mode"},"sceneLighting":true,"audioPlay":false,"sceneViewState":{"m_AlwaysRefresh":false,"showFog":true,"showSkybox":true,"showFlares":true,"showImageEffects":true,"showParticleSystems":true,"showVisualEffectGraphs":true,"m_FxEnabled":true},"in2DMode":false,"pivot":{"x":163.91229248046876,"y":-4.9999847412109379,"z":-11.228084564208985},"rotation":{"x":0.7312831878662109,"y":0.0016373085090890527,"z":-0.0017550007905811072,"w":0.6820797920227051},"size":88.05116271972656,"orthographic":false}